Vendor;SEO name
Connect;iphone-12-pro-max-256-gb-nano-simesim-ru-ru
Sam;iphone-12-pro-max-256-gb-nano-simesim-ru-2
Dumarket;iphone-12-pro-max-256-gb-nano-simesim-ru-3
Mobisell;iphone-12-pro-max-256-gb-nano-simesim-ru-4-ru
Mobi Like;iphone-12-pro-max-256-gb-nano-simesim-ru-5
TajStore;iphone-12-pro-max-256-gb-ru-2
Real 2;iphone-12-pro-max-256-gb-nano-simesim-ru-6-ru
New Mobile;iphone-12-pro-max-256-gb-nano-simnano-sim-ru
Galaxy Dushanbe;iphone-12-pro-max-256-gb-nano-ru
City Mobile;iphone-12-pro-max-256-gb-nano-ru-2
Ali Store;iphone-12-pro-max-256-gb-nano-simesim-ru
Rudaki Mobile;iphone-12-pro-max-256-gb-nano-simesim-ru-4
Rudaki Mobile (Dom Pechati);iphone-12-pro-max-256-gb-nano-simesim-ru-6
iCom;iphone-12-pro-max-256-gb-nano-simesim-ru-7
Salam store;iphone-12-pro-max-256-gb-nano-simesim-ru-ru-2
Boir's Mobile Sadbarg;iphone-12-pro-max-256-gb-nano-simesim-ru-ru-3
Kalla Mobile;iphone-12-pro-max-256-gb-nano-simesim-ru-3-ru
Svyaznoy;iphone-12-pro-max-256-gb-nano-simesim-ru-ru-ru
reStore.tj;iphone-12-pro-max-256-gb-nano-simesim-ru-4-ru-ru-ru-ru
Ok Mobile;iphone-12-pro-max-256-gb-nano-simesim-ru-4-ru-ru-ru
Nasha set';iphone-12-pro-max-256-gb-nano-simesim-ru-4-ru-ru-2
Game Shop;iphone-12-pro-max-256-gb-nano-simesim-ru-4-ru-ru
